domain,cfc_score
anticoagulation,0.145
asthma_copd,0.16666666666666666
chf,0.16666666666666666
ckd_dosing,0.20666666666666667
diabetes,0.17333333333333334
htn,0.18666666666666668
infection_antibiotics,0.14
pain_opioids,0.12
pregnancy_meds,0.13
thyroid,0.245
